,subject,session,block,select,rank,n_features,fold,hoda,train_score,val_score,test_score
0,1,0,0,False,1,1,0,"HODA(init='random', max_iter=64, obj='tr', random_state=42, rank=1)",0.8310466801744875,0.8184776457272213,0.7923601064593434
1,1,0,0,False,1,1,1,"HODA(init='random', max_iter=64, obj='tr', random_state=42, rank=1)",0.8367840830564817,0.7896780481670125,0.795363938553964
2,1,0,0,False,1,1,2,"HODA(init='random', max_iter=64, obj='tr', random_state=42, rank=1)",0.8373636595061391,0.8174693622668019,0.7954081125553554
3,1,0,0,False,1,1,3,"HODA(init='random', max_iter=64, obj='tr', random_state=42, rank=1)",0.8385346701392289,0.794223713995785,0.7989972501684135
4,1,0,0,False,1,1,4,"HODA(init='random', max_iter=64, obj='tr', random_state=42, rank=1)",0.8357432392738952,0.7949886816017484,0.8008525582268557
5,1,0,1,False,8,65,0,"HODA(init='random', max_iter=64, obj='tr', random_state=42, rank=8)",0.8692018754563288,0.826463560334528,0.815628761692306
6,1,0,1,False,8,65,1,"HODA(init='random', max_iter=64, obj='tr', random_state=42, rank=8)",0.8719923840130739,0.804250770294913,0.8195823348168435
7,1,0,1,False,8,65,2,"HODA(init='random', max_iter=64, obj='tr', random_state=42, rank=8)",0.8761724792919107,0.8223089532433064,0.812061711079944
8,1,0,1,False,8,65,3,"HODA(init='random', max_iter=64, obj='tr', random_state=42, rank=8)",0.8771290657371688,0.8016079931309031,0.8207971198551093
9,1,0,1,False,8,65,4,"HODA(init='random', max_iter=64, obj='tr', random_state=42, rank=8)",0.8692962186930894,0.7927250019514481,0.8152201521794349
10,1,0,2,False,8,129,0,"HODA(init='random', max_iter=64, obj='tr', random_state=42, rank=8)",0.8787717070777268,0.8313682952901968,0.8207529458537178
11,1,0,2,False,8,129,1,"HODA(init='random', max_iter=64, obj='tr', random_state=42, rank=8)",0.8819375414788815,0.7997547632522165,0.8221112963965058
12,1,0,2,False,8,129,2,"HODA(init='random', max_iter=64, obj='tr', random_state=42, rank=8)",0.8851156324044882,0.8220279447349934,0.8233039944340758
13,1,0,2,False,8,129,3,"HODA(init='random', max_iter=64, obj='tr', random_state=42, rank=8)",0.8862034190377348,0.805058153149637,0.8297644421375798
14,1,0,2,False,8,129,4,"HODA(init='random', max_iter=64, obj='tr', random_state=42, rank=8)",0.8781776881351949,0.8075247833892749,0.8220339918940707
15,1,0,3,False,8,193,0,"HODA(init='random', max_iter=64, obj='tr', random_state=42, rank=8)",0.8857934280835608,0.8380179840281708,0.8286048746010535
16,1,0,3,False,8,193,1,"HODA(init='random', max_iter=64, obj='tr', random_state=42, rank=8)",0.8898330679662323,0.7954631201660065,0.8256010425064328
17,1,0,3,False,8,193,2,"HODA(init='random', max_iter=64, obj='tr', random_state=42, rank=8)",0.8914788415219221,0.8215752088049333,0.8277545250742675
18,1,0,3,False,8,193,3,"HODA(init='random', max_iter=64, obj='tr', random_state=42, rank=8)",0.894606105704271,0.8145031613457185,0.839471678943358
19,1,0,3,False,8,193,4,"HODA(init='random', max_iter=64, obj='tr', random_state=42, rank=8)",0.8847797990874734,0.8157833112169229,0.8321719252134158
20,1,0,4,False,2,197,0,"HODA(init='random', max_iter=64, obj='tr', random_state=42, rank=2)",0.8874481849965448,0.8350154058982582,0.8279533080805291
21,1,0,4,False,2,197,1,"HODA(init='random', max_iter=64, obj='tr', random_state=42, rank=2)",0.8919276598531343,0.80035213481733,0.8271581760554825
22,1,0,4,False,2,197,2,"HODA(init='random', max_iter=64, obj='tr', random_state=42, rank=2)",0.892457947402432,0.8237920537038481,0.8289361796114897
23,1,0,4,False,2,197,3,"HODA(init='random', max_iter=64, obj='tr', random_state=42, rank=2)",0.895171049797325,0.8167043946608384,0.8390188954290951
24,1,0,4,False,2,197,4,"HODA(init='random', max_iter=64, obj='tr', random_state=42, rank=2)",0.8865598135782403,0.8178596518616812,0.829499398129231
25,1,0,5,False,8,261,0,"HODA(init='random', max_iter=64, obj='tr', random_state=42, rank=8)",0.8900686240300416,0.8371690875935358,0.828152091086791
26,1,0,5,False,8,261,1,"HODA(init='random', max_iter=64, obj='tr', random_state=42, rank=8)",0.895014323958984,0.7990630698610324,0.828903049110446
27,1,0,5,False,8,261,2,"HODA(init='random', max_iter=64, obj='tr', random_state=42, rank=8)",0.8976119607574364,0.8256029974240887,0.8308246181709755
28,1,0,5,False,8,261,3,"HODA(init='random', max_iter=64, obj='tr', random_state=42, rank=8)",0.8989680224019426,0.8169854031691515,0.841514726507714
29,1,0,5,False,8,261,4,"HODA(init='random', max_iter=64, obj='tr', random_state=42, rank=8)",0.8891240918792958,0.8214190929669816,0.8340272332718579
30,1,0,6,False,8,325,0,"HODA(init='random', max_iter=64, obj='tr', random_state=42, rank=8)",0.8929011612620723,0.8386310758976294,0.8330112312398537
31,1,0,6,False,8,325,1,"HODA(init='random', max_iter=64, obj='tr', random_state=42, rank=8)",0.8978116743931012,0.8009337860780984,0.8320725337102849
32,1,0,6,False,8,325,2,"HODA(init='random', max_iter=64, obj='tr', random_state=42, rank=8)",0.8996465427771358,0.8233705409413785,0.8299300946427981
33,1,0,6,False,8,325,3,"HODA(init='random', max_iter=64, obj='tr', random_state=42, rank=8)",0.9016419605616152,0.818452892045898,0.8425859460414573
34,1,0,6,False,8,325,4,"HODA(init='random', max_iter=64, obj='tr', random_state=42, rank=8)",0.891956645191611,0.8228241355085473,0.8378041103908296
35,1,0,7,False,4,341,0,"HODA(init='random', max_iter=64, obj='tr', random_state=42, rank=4)",0.8942157791285599,0.8383952713324531,0.8349659308014268
36,1,0,7,False,4,341,1,"HODA(init='random', max_iter=64, obj='tr', random_state=42, rank=4)",0.8984225563013203,0.8010752688172041,0.8308246181709755
37,1,0,7,False,4,341,2,"HODA(init='random', max_iter=64, obj='tr', random_state=42, rank=4)",0.9004327647991853,0.8219654983998127,0.8280195690826164
38,1,0,7,False,4,341,3,"HODA(init='random', max_iter=64, obj='tr', random_state=42, rank=4)",0.9020668925137566,0.821028803372102,0.8432154255612859
39,1,0,7,False,4,341,4,"HODA(init='random', max_iter=64, obj='tr', random_state=42, rank=4)",0.8936788924354278,0.8232144251034268,0.8410950734944949
40,1,0,8,False,8,405,0,"HODA(init='random', max_iter=64, obj='tr', random_state=42, rank=8)",0.8962497715301663,0.8387568383323901,0.8360261068348225
41,1,0,8,False,8,405,1,"HODA(init='random', max_iter=64, obj='tr', random_state=42, rank=8)",0.900205354062267,0.8034804753820033,0.8326799262294178
42,1,0,8,False,8,405,2,"HODA(init='random', max_iter=64, obj='tr', random_state=42, rank=8)",0.904249319521413,0.8241355085473421,0.8251151284911264
43,1,0,8,False,8,405,3,"HODA(init='random', max_iter=64, obj='tr', random_state=42, rank=8)",0.9056562946717059,0.8176567012723441,0.8425859460414573
44,1,0,8,False,8,405,4,"HODA(init='random', max_iter=64, obj='tr', random_state=42, rank=8)",0.8974112440519316,0.8251970962454142,0.844573776104074
45,1,0,9,False,1,406,0,"HODA(init='random', max_iter=64, obj='tr', random_state=42, rank=1)",0.8982124129248928,0.838709677419355,0.835705845324734
46,1,0,9,False,1,406,1,"HODA(init='random', max_iter=64, obj='tr', random_state=42, rank=1)",0.9007468397857125,0.8042507702949129,0.8328787092356793
47,1,0,9,False,1,406,2,"HODA(init='random', max_iter=64, obj='tr', random_state=42, rank=1)",0.9045156363209118,0.823323706189993,0.8219898178926792
48,1,0,9,False,1,406,3,"HODA(init='random', max_iter=64, obj='tr', random_state=42, rank=1)",0.9056376916599762,0.8183123877917414,0.8430497730560678
49,1,0,9,False,1,406,4,"HODA(init='random', max_iter=64, obj='tr', random_state=42, rank=1)",0.8977480564748272,0.8261494028569196,0.844562732603726
50,2,0,0,False,8,64,0,"HODA(init='random', max_iter=64, obj='tr', random_state=42, rank=8)",0.7744755086547984,0.7088967971530249,0.6980789429769022
51,2,0,0,False,8,64,1,"HODA(init='random', max_iter=64, obj='tr', random_state=42, rank=8)",0.7716038148481452,0.7114202523455192,0.7000814755916797
52,2,0,0,False,8,64,2,"HODA(init='random', max_iter=64, obj='tr', random_state=42, rank=8)",0.7740588597929754,0.7478441007852772,0.7103591797469349
53,2,0,0,False,8,64,3,"HODA(init='random', max_iter=64, obj='tr', random_state=42, rank=8)",0.7660818831265639,0.7320743203096144,0.7074240951791974
54,2,0,0,False,8,64,4,"HODA(init='random', max_iter=64, obj='tr', random_state=42, rank=8)",0.7794490355906731,0.70649258884553,0.7167299820361045
55,2,0,1,False,8,128,0,"HODA(init='random', max_iter=64, obj='tr', random_state=42, rank=8)",0.8349520127496769,0.7732287285668068,0.7508319345054038
56,2,0,1,False,8,128,1,"HODA(init='random', max_iter=64, obj='tr', random_state=42, rank=8)",0.8332828909993113,0.7952442575218376,0.7754316733908571
57,2,0,1,False,8,128,2,"HODA(init='random', max_iter=64, obj='tr', random_state=42, rank=8)",0.8308224173291481,0.809542162483339,0.7745482031196318
58,2,0,1,False,8,128,3,"HODA(init='random', max_iter=64, obj='tr', random_state=42, rank=8)",0.8465940455228602,0.7612532318414671,0.779466187629453
59,2,0,1,False,8,128,4,"HODA(init='random', max_iter=64, obj='tr', random_state=42, rank=8)",0.8305151843599279,0.7428658605129195,0.7612372510331694
60,2,0,2,False,8,192,0,"HODA(init='random', max_iter=64, obj='tr', random_state=42, rank=8)",0.8547914351933317,0.7902620511161437,0.7745776521286725
61,2,0,2,False,8,192,1,"HODA(init='random', max_iter=64, obj='tr', random_state=42, rank=8)",0.8477167721598536,0.8022484632804917,0.7746856318284889
62,2,0,2,False,8,192,2,"HODA(init='random', max_iter=64, obj='tr', random_state=42, rank=8)",0.851616549078704,0.8317515376338906,0.7986374925150435
63,2,0,2,False,8,192,3,"HODA(init='random', max_iter=64, obj='tr', random_state=42, rank=8)",0.8605827151738838,0.7620722326604679,0.7863670720813578
64,2,0,2,False,8,192,4,"HODA(init='random', max_iter=64, obj='tr', random_state=42, rank=8)",0.8507160039164648,0.7544282250164601,0.7766194500888378
65,2,0,3,False,8,256,0,"HODA(init='random', max_iter=64, obj='tr', random_state=42, rank=8)",0.8608897625523485,0.7933840181171142,0.784413621148315
66,2,0,3,False,8,256,1,"HODA(init='random', max_iter=64, obj='tr', random_state=42, rank=8)",0.8548678528156375,0.8047557424781624,0.775814510508388
67,2,0,3,False,8,256,2,"HODA(init='random', max_iter=64, obj='tr', random_state=42, rank=8)",0.8648215228279131,0.8341603635721283,0.8006596578025149
68,2,0,3,False,8,256,3,"HODA(init='random', max_iter=64, obj='tr', random_state=42, rank=8)",0.8705420999826741,0.7763485410544234,0.7952214074663055
69,2,0,3,False,8,256,4,"HODA(init='random', max_iter=64, obj='tr', random_state=42, rank=8)",0.8595653207512199,0.765717589247001,0.7851203973652954
70,2,0,4,False,1,257,0,"HODA(init='random', max_iter=64, obj='tr', random_state=42, rank=1)",0.8666954908575365,0.7950177935943061,0.7932875892059565
71,2,0,4,False,1,257,1,"HODA(init='random', max_iter=64, obj='tr', random_state=42, rank=1)",0.8641033246693179,0.8169362665803946,0.780015902464882
72,2,0,4,False,1,257,2,"HODA(init='random', max_iter=64, obj='tr', random_state=42, rank=1)",0.869383680590532,0.8325544796133032,0.8034671299977422
73,2,0,4,False,1,257,3,"HODA(init='random', max_iter=64, obj='tr', random_state=42, rank=1)",0.8735570123658752,0.775433187197893,0.7908040561101786
74,2,0,4,False,1,257,4,"HODA(init='random', max_iter=64, obj='tr', random_state=42, rank=1)",0.8698601435231261,0.7793354852178381,0.7887229928046254
75,2,0,5,False,2,261,0,"HODA(init='random', max_iter=64, obj='tr', random_state=42, rank=2)",0.8741834123484844,0.8025396311873181,0.7997860038676365
76,2,0,5,False,2,261,1,"HODA(init='random', max_iter=64, obj='tr', random_state=42, rank=2)",0.8693278768469688,0.8206890973794888,0.7811153321357402
77,2,0,5,False,2,261,2,"HODA(init='random', max_iter=64, obj='tr', random_state=42, rank=2)",0.8737494107170918,0.8290697114226525,0.8093078501241766
78,2,0,5,False,2,261,3,"HODA(init='random', max_iter=64, obj='tr', random_state=42, rank=2)",0.8757338335018917,0.7758346581875996,0.7922568738895269
79,2,0,5,False,2,261,4,"HODA(init='random', max_iter=64, obj='tr', random_state=42, rank=2)",0.8758980268592126,0.7938044996868526,0.7957514896290407
80,2,0,6,False,8,325,0,"HODA(init='random', max_iter=64, obj='tr', random_state=42, rank=8)",0.8810589873659549,0.8029602070527336,0.804458579968784
81,2,0,6,False,8,325,1,"HODA(init='random', max_iter=64, obj='tr', random_state=42, rank=8)",0.8727988456917051,0.8217243610482045,0.7851203973652955
82,2,0,6,False,8,325,2,"HODA(init='random', max_iter=64, obj='tr', random_state=42, rank=8)",0.8786308893034573,0.8290054760642998,0.8059015814117854
83,2,0,6,False,8,325,3,"HODA(init='random', max_iter=64, obj='tr', random_state=42, rank=8)",0.8808197982940009,0.7791909556615438,0.7959478163559798
84,2,0,6,False,8,325,4,"HODA(init='random', max_iter=64, obj='tr', random_state=42, rank=8)",0.8821847185343074,0.7999710940887412,0.7952803054843871
85,2,0,7,False,8,389,0,"HODA(init='random', max_iter=64, obj='tr', random_state=42, rank=8)",0.886821479384838,0.8028955030734389,0.8117521178745668
86,2,0,7,False,8,389,1,"HODA(init='random', max_iter=64, obj='tr', random_state=42, rank=8)",0.8757057318244204,0.8258654157230669,0.7830098850507013
87,2,0,7,False,8,389,2,"HODA(init='random', max_iter=64, obj='tr', random_state=42, rank=8)",0.8823338020734699,0.8271587095116507,0.8062255205112346
88,2,0,7,False,8,389,3,"HODA(init='random', max_iter=64, obj='tr', random_state=42, rank=8)",0.8850868109419259,0.7868028456263749,0.7976362262076547
89,2,0,7,False,8,389,4,"HODA(init='random', max_iter=64, obj='tr', random_state=42, rank=8)",0.8850737157661887,0.7996499172969762,0.7967429396000825
90,2,0,8,False,4,405,0,"HODA(init='random', max_iter=64, obj='tr', random_state=42, rank=4)",0.8880823701528855,0.8037366548042706,0.8102894837588716
91,2,0,8,False,4,405,1,"HODA(init='random', max_iter=64, obj='tr', random_state=42, rank=4)",0.8762939464171697,0.8264153995470722,0.783647946913253
92,2,0,8,False,4,405,2,"HODA(init='random', max_iter=64, obj='tr', random_state=42, rank=4)",0.8846053114032789,0.8293105940164762,0.8066476229741536
93,2,0,8,False,4,405,3,"HODA(init='random', max_iter=64, obj='tr', random_state=42, rank=4)",0.8864900093882336,0.7891956127250245,0.7945146312493253
94,2,0,8,False,4,405,4,"HODA(init='random', max_iter=64, obj='tr', random_state=42, rank=4)",0.8854796662140437,0.7976746800276212,0.796271755455429
95,2,0,9,False,8,469,0,"HODA(init='random', max_iter=64, obj='tr', random_state=42, rank=8)",0.8914457510293755,0.80355871886121,0.812478526764241
96,2,0,9,False,8,469,1,"HODA(init='random', max_iter=64, obj='tr', random_state=42, rank=8)",0.877306479912723,0.8299741184082822,0.7847277439114174
97,2,0,9,False,8,469,2,"HODA(init='random', max_iter=64, obj='tr', random_state=42, rank=8)",0.8866481588182913,0.8280901222077691,0.8072169704822765
98,2,0,9,False,8,469,3,"HODA(init='random', max_iter=64, obj='tr', random_state=42, rank=8)",0.8888159140634128,0.7916044386632621,0.7969490826633684
99,2,0,9,False,8,469,4,"HODA(init='random', max_iter=64, obj='tr', random_state=42, rank=8)",0.887713904659062,0.7984455043278572,0.797223940081083
100,3,0,0,False,1,1,0,"HODA(init='random', max_iter=64, obj='tr', random_state=42, rank=1)",0.8883569632338105,0.883451802365159,0.8593562746105119
101,3,0,0,False,1,1,1,"HODA(init='random', max_iter=64, obj='tr', random_state=42, rank=1)",0.8840017125731412,0.8971931546535374,0.8538242595445985
102,3,0,0,False,1,1,2,"HODA(init='random', max_iter=64, obj='tr', random_state=42, rank=1)",0.8922588036709405,0.8639564861975727,0.8610362095531587
103,3,0,0,False,1,1,3,"HODA(init='random', max_iter=64, obj='tr', random_state=42, rank=1)",0.8887665198237886,0.873545871848079,0.8513097072419107
104,3,0,0,False,1,1,4,"HODA(init='random', max_iter=64, obj='tr', random_state=42, rank=1)",0.8962016729834082,0.8409419606363578,0.8607580037664784
105,3,0,1,False,2,5,0,"HODA(init='random', max_iter=64, obj='tr', random_state=42, rank=2)",0.9104924632018228,0.8994886570519416,0.8744435884266393
106,3,0,1,False,2,5,1,"HODA(init='random', max_iter=64, obj='tr', random_state=42, rank=2)",0.9086637500430604,0.9002010543479981,0.8684621640130115
107,3,0,1,False,2,5,2,"HODA(init='random', max_iter=64, obj='tr', random_state=42, rank=2)",0.911807508311675,0.8882129158020499,0.870698510529019
108,3,0,1,False,2,5,3,"HODA(init='random', max_iter=64, obj='tr', random_state=42, rank=2)",0.9100534786775464,0.8902251147582217,0.8661188152713576
109,3,0,1,False,2,5,4,"HODA(init='random', max_iter=64, obj='tr', random_state=42, rank=2)",0.9160639141186074,0.8737502358045651,0.8695856873822976
110,3,0,2,False,1,6,0,"HODA(init='random', max_iter=64, obj='tr', random_state=42, rank=1)",0.9150170027017318,0.8967023920718097,0.8750749015579524
111,3,0,2,False,1,6,1,"HODA(init='random', max_iter=64, obj='tr', random_state=42, rank=1)",0.9121174392110352,0.8974781135719601,0.8692218798151002
112,3,0,2,False,1,6,2,"HODA(init='random', max_iter=64, obj='tr', random_state=42, rank=1)",0.9146677893508018,0.891309815758033,0.8716401301147064
113,3,0,2,False,1,6,3,"HODA(init='random', max_iter=64, obj='tr', random_state=42, rank=1)",0.9158539038251452,0.8876469848456267,0.8626840438281117
114,3,0,2,False,1,6,4,"HODA(init='random', max_iter=64, obj='tr', random_state=42, rank=1)",0.9182951502411668,0.8720367226309502,0.8701420989556583
115,3,0,3,False,4,22,0,"HODA(init='random', max_iter=64, obj='tr', random_state=42, rank=4)",0.9203692858865273,0.8946285243877341,0.86734934086629
116,3,0,3,False,4,22,1,"HODA(init='random', max_iter=64, obj='tr', random_state=42, rank=4)",0.9173279922048394,0.897177323602514,0.8650166923472009
117,3,0,3,False,4,22,2,"HODA(init='random', max_iter=64, obj='tr', random_state=42, rank=4)",0.9193225245406395,0.8901779538451864,0.8657015065913373
118,3,0,3,False,4,22,3,"HODA(init='random', max_iter=64, obj='tr', random_state=42, rank=4)",0.9198164924139942,0.8905080802364334,0.8559857045026538
119,3,0,3,False,4,22,4,"HODA(init='random', max_iter=64, obj='tr', random_state=42, rank=4)",0.921875184868216,0.8736244733698044,0.8609506077726415
120,3,0,4,False,1,23,0,"HODA(init='random', max_iter=64, obj='tr', random_state=42, rank=1)",0.9247097729856351,0.8878211724476388,0.8707734120869713
121,3,0,4,False,1,23,1,"HODA(init='random', max_iter=64, obj='tr', random_state=42, rank=1)",0.9182876237063429,0.8948659901530862,0.8630264509501798
122,3,0,4,False,1,23,2,"HODA(init='random', max_iter=64, obj='tr', random_state=42, rank=1)",0.9216671465023918,0.8868452493240269,0.8629622496147918
123,3,0,4,False,1,23,3,"HODA(init='random', max_iter=64, obj='tr', random_state=42, rank=1)",0.9237504880520904,0.8959473055398353,0.863828967642527
124,3,0,4,False,1,23,4,"HODA(init='random', max_iter=64, obj='tr', random_state=42, rank=1)",0.9219954724541428,0.8734672703263535,0.8608436055469953
125,3,0,5,False,4,39,0,"HODA(init='random', max_iter=64, obj='tr', random_state=42, rank=4)",0.92645679443709,0.8926179809077526,0.8793656908063688
126,3,0,5,False,4,39,1,"HODA(init='random', max_iter=64, obj='tr', random_state=42, rank=4)",0.9218092252575011,0.890939889499264,0.8606510015408319
127,3,0,5,False,4,39,2,"HODA(init='random', max_iter=64, obj='tr', random_state=42, rank=4)",0.9287720017826225,0.8804470854555745,0.8643853792158877
128,3,0,5,False,4,39,3,"HODA(init='random', max_iter=64, obj='tr', random_state=42, rank=4)",0.9240531789445455,0.8939665471923536,0.8622025338127033
129,3,0,5,False,4,39,4,"HODA(init='random', max_iter=64, obj='tr', random_state=42, rank=4)",0.9252501390208985,0.8756838332390116,0.8578689436740284
130,3,0,6,False,1,40,0,"HODA(init='random', max_iter=64, obj='tr', random_state=42, rank=1)",0.9292953352066653,0.8898317159276203,0.8729883581578498
131,3,0,6,False,1,40,1,"HODA(init='random', max_iter=64, obj='tr', random_state=42, rank=1)",0.9257678282308824,0.8911298621115457,0.8646100838897449
132,3,0,6,False,1,40,2,"HODA(init='random', max_iter=64, obj='tr', random_state=42, rank=1)",0.9324180959855497,0.8763126454128152,0.8671246361924327
133,3,0,6,False,1,40,3,"HODA(init='random', max_iter=64, obj='tr', random_state=42, rank=1)",0.924225722612883,0.8957743821920393,0.8639359698681732
134,3,0,6,False,1,40,4,"HODA(init='random', max_iter=64, obj='tr', random_state=42, rank=1)",0.9275040523112964,0.8793309438470729,0.8568738229755178
135,3,0,7,False,1,41,0,"HODA(init='random', max_iter=64, obj='tr', random_state=42, rank=1)",0.9292136434993579,0.8874570582740988,0.8720146379044683
136,3,0,7,False,1,41,1,"HODA(init='random', max_iter=64, obj='tr', random_state=42, rank=1)",0.9263524652687214,0.8890401633764466,0.8630050505050506
137,3,0,7,False,1,41,2,"HODA(init='random', max_iter=64, obj='tr', random_state=42, rank=1)",0.9321075173825422,0.8756838332390116,0.8666217257318953
138,3,0,7,False,1,41,3,"HODA(init='random', max_iter=64, obj='tr', random_state=42, rank=1)",0.9239979649706774,0.895884424322455,0.8640322718712548
139,3,0,7,False,1,41,4,"HODA(init='random', max_iter=64, obj='tr', random_state=42, rank=1)",0.927622367969585,0.879346664151418,0.8576335387776065
140,3,0,8,False,4,57,0,"HODA(init='random', max_iter=64, obj='tr', random_state=42, rank=4)",0.9312313302461087,0.8844808206816851,0.8697140900530731
141,3,0,8,False,4,57,1,"HODA(init='random', max_iter=64, obj='tr', random_state=42, rank=4)",0.9273465450805353,0.8902908164073013,0.8619136278034583
142,3,0,8,False,4,57,2,"HODA(init='random', max_iter=64, obj='tr', random_state=42, rank=4)",0.9333399721563818,0.87713010123876,0.8642783769902413
143,3,0,8,False,4,57,3,"HODA(init='random', max_iter=64, obj='tr', random_state=42, rank=4)",0.926315965909315,0.8905080802364334,0.8580294470124978
144,3,0,8,False,4,57,4,"HODA(init='random', max_iter=64, obj='tr', random_state=42, rank=4)",0.9291723030931658,0.8780261585864302,0.8581471494607088
145,3,0,9,False,2,61,0,"HODA(init='random', max_iter=64, obj='tr', random_state=42, rank=2)",0.9333041342893559,0.8838792407427929,0.8681518575586372
146,3,0,9,False,2,61,1,"HODA(init='random', max_iter=64, obj='tr', random_state=42, rank=2)",0.927299301683538,0.8881377934681083,0.8627375449409347
147,3,0,9,False,2,61,2,"HODA(init='random', max_iter=64, obj='tr', random_state=42, rank=2)",0.9328607937403129,0.8765641702823366,0.8627482451634993
148,3,0,9,False,2,61,3,"HODA(init='random', max_iter=64, obj='tr', random_state=42, rank=2)",0.9267034496902102,0.8885116015846066,0.8557931004964903
149,3,0,9,False,2,61,4,"HODA(init='random', max_iter=64, obj='tr', random_state=42, rank=2)",0.9315770688478815,0.8762183235867446,0.8571734292073275
150,4,0,0,False,1,1,0,"HODA(init='random', max_iter=64, obj='tr', random_state=42, rank=1)",0.8155135312478009,0.8099011479591837,0.8048509516046972
151,4,0,0,False,1,1,1,"HODA(init='random', max_iter=64, obj='tr', random_state=42, rank=1)",0.8148712392963731,0.812436224489796,0.8034284764980116
152,4,0,0,False,1,1,2,"HODA(init='random', max_iter=64, obj='tr', random_state=42, rank=1)",0.8239142091152816,0.7787927240489497,0.80945063388398
153,4,0,0,False,1,1,3,"HODA(init='random', max_iter=64, obj='tr', random_state=42, rank=1)",0.8220871810147949,0.7747083128848924,0.8034596255879389
154,4,0,0,False,1,1,4,"HODA(init='random', max_iter=64, obj='tr', random_state=42, rank=1)",0.817280309800417,0.80301423211487,0.8078724133276574
155,4,0,1,False,4,17,0,"HODA(init='random', max_iter=64, obj='tr', random_state=42, rank=4)",0.836700244923366,0.8062181122448979,0.8158258142891258
156,4,0,1,False,4,17,1,"HODA(init='random', max_iter=64, obj='tr', random_state=42, rank=4)",0.8331825070597599,0.8198182397959183,0.8109977053503753
157,4,0,1,False,4,17,2,"HODA(init='random', max_iter=64, obj='tr', random_state=42, rank=4)",0.8470420017873102,0.7773362673547897,0.8142891258527064
158,4,0,1,False,4,17,3,"HODA(init='random', max_iter=64, obj='tr', random_state=42, rank=4)",0.8388134246847384,0.7915525511738724,0.8015595311023662
159,4,0,1,False,4,17,4,"HODA(init='random', max_iter=64, obj='tr', random_state=42, rank=4)",0.8351256081819085,0.8048822961356404,0.8111430677700368
160,4,0,2,False,4,33,0,"HODA(init='random', max_iter=64, obj='tr', random_state=42, rank=4)",0.8484418968625822,0.8073660714285715,0.8230524031522878
161,4,0,2,False,4,33,1,"HODA(init='random', max_iter=64, obj='tr', random_state=42, rank=4)",0.8409177638328178,0.8154177295918367,0.80610729823177
162,4,0,2,False,4,33,2,"HODA(init='random', max_iter=64, obj='tr', random_state=42, rank=4)",0.853551782345348,0.785109313407317,0.8112676641297463
163,4,0,2,False,4,33,3,"HODA(init='random', max_iter=64, obj='tr', random_state=42, rank=4)",0.8416999304934963,0.795114537654155,0.8027743456095358
164,4,0,2,False,4,33,4,"HODA(init='random', max_iter=64, obj='tr', random_state=42, rank=4)",0.8525975573428656,0.812956132157614,0.8175078651452068
165,4,0,3,False,4,49,0,"HODA(init='random', max_iter=64, obj='tr', random_state=42, rank=4)",0.8588989648989429,0.8079241071428572,0.8106031502112948
166,4,0,3,False,4,49,1,"HODA(init='random', max_iter=64, obj='tr', random_state=42, rank=4)",0.8460015839236703,0.8170918367346939,0.8071248351693991
167,4,0,3,False,4,49,2,"HODA(init='random', max_iter=64, obj='tr', random_state=42, rank=4)",0.8588779664382882,0.7910301264900977,0.810322808401948
168,4,0,3,False,4,49,3,"HODA(init='random', max_iter=64, obj='tr', random_state=42, rank=4)",0.8501499354582465,0.7809615780391661,0.7981123651503983
169,4,0,3,False,4,49,4,"HODA(init='random', max_iter=64, obj='tr', random_state=42, rank=4)",0.8565216959586933,0.8119587759431349,0.8145279355421499
170,4,0,4,False,1,50,0,"HODA(init='random', max_iter=64, obj='tr', random_state=42, rank=1)",0.8643197900260386,0.8097735969387756,0.803625754067552
171,4,0,4,False,1,50,1,"HODA(init='random', max_iter=64, obj='tr', random_state=42, rank=1)",0.8461809895459056,0.8152582908163265,0.804165671626294
172,4,0,4,False,1,50,2,"HODA(init='random', max_iter=64, obj='tr', random_state=42, rank=1)",0.8637017178035945,0.7917900169392246,0.8114337926093593
173,4,0,4,False,1,50,3,"HODA(init='random', max_iter=64, obj='tr', random_state=42, rank=1)",0.8559904676794756,0.7762597558851934,0.7925885932032687
174,4,0,4,False,1,50,4,"HODA(init='random', max_iter=64, obj='tr', random_state=42, rank=1)",0.8564233939032866,0.811562999667548,0.8143410410025854
175,4,0,5,False,1,51,0,"HODA(init='random', max_iter=64, obj='tr', random_state=42, rank=1)",0.8643346578952846,0.8097417091836734,0.8032208158984956
176,4,0,5,False,1,51,1,"HODA(init='random', max_iter=64, obj='tr', random_state=42, rank=1)",0.8488482852886399,0.8127072704081633,0.801092294753455
177,4,0,5,False,1,51,2,"HODA(init='random', max_iter=64, obj='tr', random_state=42, rank=1)",0.8643789097408402,0.7926607247455157,0.8107900447508593
178,4,0,5,False,1,51,3,"HODA(init='random', max_iter=64, obj='tr', random_state=42, rank=1)",0.8587250521298779,0.776022290119841,0.7949663070677284
179,4,0,5,False,1,51,4,"HODA(init='random', max_iter=64, obj='tr', random_state=42, rank=1)",0.8577251514248834,0.8058479902480726,0.8124824786369158
180,4,0,6,False,2,55,0,"HODA(init='random', max_iter=64, obj='tr', random_state=42, rank=2)",0.8680159423205969,0.8050063775510206,0.8039787770867295
181,4,0,6,False,2,55,1,"HODA(init='random', max_iter=64, obj='tr', random_state=42, rank=2)",0.8519080927794689,0.8088169642857143,0.7986730487690918
182,4,0,6,False,2,55,2,"HODA(init='random', max_iter=64, obj='tr', random_state=42, rank=2)",0.8648495680667263,0.7936897430620418,0.8101878290122625
183,4,0,6,False,2,55,3,"HODA(init='random', max_iter=64, obj='tr', random_state=42, rank=2)",0.8652139807367689,0.7736159703642724,0.7940110683099542
184,4,0,6,False,2,55,4,"HODA(init='random', max_iter=64, obj='tr', random_state=42, rank=2)",0.8619124218051832,0.8068770085645988,0.8189511063118439
185,4,0,7,False,1,56,0,"HODA(init='random', max_iter=64, obj='tr', random_state=42, rank=1)",0.8697465623008325,0.7978156887755101,0.8014453177726324
186,4,0,7,False,1,56,1,"HODA(init='random', max_iter=64, obj='tr', random_state=42, rank=1)",0.8522450978157119,0.8071747448979593,0.8007600377942292
187,4,0,7,False,1,56,2,"HODA(init='random', max_iter=64, obj='tr', random_state=42, rank=1)",0.8652159666368782,0.7931989804803141,0.8105720011213673
188,4,0,7,False,1,56,3,"HODA(init='random', max_iter=64, obj='tr', random_state=42, rank=1)",0.8663191341475525,0.7690724587205344,0.7966068258039061
189,4,0,7,False,1,56,4,"HODA(init='random', max_iter=64, obj='tr', random_state=42, rank=1)",0.8658812431734685,0.8088400588915098,0.8105200859714882
190,4,0,8,False,1,57,0,"HODA(init='random', max_iter=64, obj='tr', random_state=42, rank=1)",0.8724217875738315,0.8018973214285715,0.8032727310483745
191,4,0,8,False,1,57,1,"HODA(init='random', max_iter=64, obj='tr', random_state=42, rank=1)",0.8541471938879182,0.8023756377551021,0.8014349347426567
192,4,0,8,False,1,57,2,"HODA(init='random', max_iter=64, obj='tr', random_state=42, rank=1)",0.8662118955416543,0.7956686244399765,0.8091183769247543
193,4,0,8,False,1,57,3,"HODA(init='random', max_iter=64, obj='tr', random_state=42, rank=1)",0.8663330354483169,0.7688349929551823,0.7981850463602289
194,4,0,8,False,1,57,4,"HODA(init='random', max_iter=64, obj='tr', random_state=42, rank=1)",0.8670747691391124,0.806924501717669,0.8112676641297464
195,4,0,9,False,2,61,0,"HODA(init='random', max_iter=64, obj='tr', random_state=42, rank=2)",0.8728509733993995,0.8027901785714286,0.8027743456095358
196,4,0,9,False,2,61,1,"HODA(init='random', max_iter=64, obj='tr', random_state=42, rank=2)",0.8586858587730836,0.8022480867346939,0.8049028667545765
197,4,0,9,False,2,61,2,"HODA(init='random', max_iter=64, obj='tr', random_state=42, rank=2)",0.8660013901300765,0.7959694144094226,0.808152755137004
198,4,0,9,False,2,61,3,"HODA(init='random', max_iter=64, obj='tr', random_state=42, rank=2)",0.8676288352695858,0.7687400066490414,0.7993687117774707
199,4,0,9,False,2,61,4,"HODA(init='random', max_iter=64, obj='tr', random_state=42, rank=2)",0.8676586237712244,0.8063229217787768,0.810426638701706
200,5,0,0,False,1,1,0,"HODA(init='random', max_iter=64, obj='tr', random_state=42, rank=1)",0.8569540731308558,0.8522920203735144,0.8462188515709642
201,5,0,0,False,1,1,1,"HODA(init='random', max_iter=64, obj='tr', random_state=42, rank=1)",0.8613007372822739,0.8403760296799346,0.8431852654387866
202,5,0,0,False,1,1,2,"HODA(init='random', max_iter=64, obj='tr', random_state=42, rank=1)",0.8638552867383512,0.8233352197698547,0.8437594799566631
203,5,0,0,False,1,1,3,"HODA(init='random', max_iter=64, obj='tr', random_state=42, rank=1)",0.8593494545054392,0.8459252971137522,0.8441495124593716
204,5,0,0,False,1,1,4,"HODA(init='random', max_iter=64, obj='tr', random_state=42, rank=1)",0.8604587184807897,0.8457366534616111,0.8533152762730228
205,5,0,1,False,2,5,0,"HODA(init='random', max_iter=64, obj='tr', random_state=42, rank=2)",0.8604921241275232,0.8577469659812614,0.8472264355362946
206,5,0,1,False,2,5,1,"HODA(init='random', max_iter=64, obj='tr', random_state=42, rank=2)",0.8658792759227818,0.8504055838521034,0.8474322860238352
207,5,0,1,False,2,5,2,"HODA(init='random', max_iter=64, obj='tr', random_state=42, rank=2)",0.8662261051373954,0.8228007294221216,0.8455687973997833
208,5,0,1,False,2,5,3,"HODA(init='random', max_iter=64, obj='tr', random_state=42, rank=2)",0.8642492768660002,0.8395114129409547,0.8420585048754063
209,5,0,1,False,2,5,4,"HODA(init='random', max_iter=64, obj='tr', random_state=42, rank=2)",0.8648142253034018,0.8537382883732628,0.8581473456121343
210,5,0,2,False,4,21,0,"HODA(init='random', max_iter=64, obj='tr', random_state=42, rank=4)",0.8693249701314217,0.8558448091555053,0.849718309859155
211,5,0,2,False,4,21,1,"HODA(init='random', max_iter=64, obj='tr', random_state=42, rank=4)",0.8724542932151167,0.8512702005910835,0.8505308775731311
212,5,0,2,False,4,21,2,"HODA(init='random', max_iter=64, obj='tr', random_state=42, rank=4)",0.8760748758095958,0.8230994152046783,0.8442361863488624
213,5,0,2,False,4,21,3,"HODA(init='random', max_iter=64, obj='tr', random_state=42, rank=4)",0.8734328821605988,0.8328145632899453,0.8456229685807152
214,5,0,2,False,4,21,4,"HODA(init='random', max_iter=64, obj='tr', random_state=42, rank=4)",0.8753586194428723,0.8510186757215619,0.8637811484290359
215,5,0,3,False,1,22,0,"HODA(init='random', max_iter=64, obj='tr', random_state=42, rank=1)",0.8699616424573979,0.8563321385902032,0.8503791982665222
216,5,0,3,False,1,22,1,"HODA(init='random', max_iter=64, obj='tr', random_state=42, rank=1)",0.872753961516695,0.8514588442432246,0.8511592632719392
217,5,0,3,False,1,22,2,"HODA(init='random', max_iter=64, obj='tr', random_state=42, rank=1)",0.8765543450921209,0.8236181852480664,0.8449620801733478
218,5,0,3,False,1,22,3,"HODA(init='random', max_iter=64, obj='tr', random_state=42, rank=1)",0.8737138826007672,0.8330660881594667,0.8455471289274106
219,5,0,3,False,1,22,4,"HODA(init='random', max_iter=64, obj='tr', random_state=42, rank=1)",0.8757447494183488,0.8502326605043073,0.8633694474539545
220,5,0,4,False,1,23,0,"HODA(init='random', max_iter=64, obj='tr', random_state=42, rank=1)",0.8700579293215116,0.8563635791988933,0.8501516793066088
221,5,0,4,False,1,23,1,"HODA(init='random', max_iter=64, obj='tr', random_state=42, rank=1)",0.8730320143997987,0.8520404955039929,0.8514626218851571
222,5,0,4,False,1,23,2,"HODA(init='random', max_iter=64, obj='tr', random_state=42, rank=1)",0.8772116503175502,0.8242627177262153,0.845276273022752
223,5,0,4,False,1,23,3,"HODA(init='random', max_iter=64, obj='tr', random_state=42, rank=1)",0.8739771976985475,0.8340879079418977,0.8454171180931744
224,5,0,4,False,1,23,4,"HODA(init='random', max_iter=64, obj='tr', random_state=42, rank=1)",0.8755452980569705,0.8498868138087154,0.8643661971830986
225,5,0,5,False,4,39,0,"HODA(init='random', max_iter=64, obj='tr', random_state=42, rank=4)",0.8703104367100547,0.8561277746337169,0.8479848320693393
226,5,0,5,False,4,39,1,"HODA(init='random', max_iter=64, obj='tr', random_state=42, rank=4)",0.8826115748600892,0.8484405458089669,0.8560780065005418
227,5,0,5,False,4,39,2,"HODA(init='random', max_iter=64, obj='tr', random_state=42, rank=4)",0.877714700056593,0.8245614035087718,0.8493607800650055
228,5,0,5,False,4,39,3,"HODA(init='random', max_iter=64, obj='tr', random_state=42, rank=4)",0.883499772055587,0.8357228195937872,0.8643878656554713
229,5,0,5,False,4,39,4,"HODA(init='random', max_iter=64, obj='tr', random_state=42, rank=4)",0.8854314044519903,0.8457838143746462,0.8694907908992416
230,5,0,6,False,2,43,0,"HODA(init='random', max_iter=64, obj='tr', random_state=42, rank=2)",0.8743446598126138,0.8602936552851663,0.8495449620801734
231,5,0,6,False,2,43,1,"HODA(init='random', max_iter=64, obj='tr', random_state=42, rank=2)",0.8866379378104761,0.8458309752876816,0.8539219934994583
232,5,0,6,False,2,43,2,"HODA(init='random', max_iter=64, obj='tr', random_state=42, rank=2)",0.8814463073005093,0.8291517323775388,0.8559263271939327
233,5,0,6,False,2,43,3,"HODA(init='random', max_iter=64, obj='tr', random_state=42, rank=2)",0.8844803260391121,0.8352826510721247,0.8637919826652221
234,5,0,6,False,2,43,4,"HODA(init='random', max_iter=64, obj='tr', random_state=42, rank=2)",0.8853960337672138,0.8450921209834623,0.8692741061755147
235,5,0,7,False,1,44,0,"HODA(init='random', max_iter=64, obj='tr', random_state=42, rank=1)",0.8762104634345721,0.8562849776771678,0.847172264355363
236,5,0,7,False,1,44,1,"HODA(init='random', max_iter=64, obj='tr', random_state=42, rank=1)",0.8897633308180848,0.8443532666792428,0.8560130010834236
237,5,0,7,False,1,44,2,"HODA(init='random', max_iter=64, obj='tr', random_state=42, rank=1)",0.8900688942337923,0.8336791800289254,0.8618093174431203
238,5,0,7,False,1,44,3,"HODA(init='random', max_iter=64, obj='tr', random_state=42, rank=1)",0.8880851883292461,0.8330503678551217,0.8613867822318526
239,5,0,7,False,1,44,4,"HODA(init='random', max_iter=64, obj='tr', random_state=42, rank=1)",0.8856259432182607,0.8452336037225681,0.8693932827735645
240,5,0,8,False,2,48,0,"HODA(init='random', max_iter=64, obj='tr', random_state=42, rank=2)",0.8770672200213798,0.8554518015468779,0.8469014084507042
241,5,0,8,False,2,48,1,"HODA(init='random', max_iter=64, obj='tr', random_state=42, rank=2)",0.8960445749229706,0.8449820788530465,0.8573781148429035
242,5,0,8,False,2,48,2,"HODA(init='random', max_iter=64, obj='tr', random_state=42, rank=2)",0.890730129535308,0.8311167704206754,0.857605633802817
243,5,0,8,False,2,48,3,"HODA(init='random', max_iter=64, obj='tr', random_state=42, rank=2)",0.8944155583852103,0.842482550462177,0.8677356446370532
244,5,0,8,False,2,48,4,"HODA(init='random', max_iter=64, obj='tr', random_state=42, rank=2)",0.8864139234735585,0.8460667798528579,0.8685915492957746
245,5,0,9,False,4,64,0,"HODA(init='random', max_iter=64, obj='tr', random_state=42, rank=4)",0.8849656904357669,0.8563478588945482,0.8555254604550379
246,5,0,9,False,4,64,1,"HODA(init='random', max_iter=64, obj='tr', random_state=42, rank=4)",0.8986335125448028,0.8461611016789284,0.8576164680390033
247,5,0,9,False,4,64,2,"HODA(init='random', max_iter=64, obj='tr', random_state=42, rank=4)",0.8928730035213481,0.8290574105514683,0.8594582881906826
248,5,0,9,False,4,64,3,"HODA(init='random', max_iter=64, obj='tr', random_state=42, rank=4)",0.8954658712192668,0.8418851788970635,0.867172264355363
249,5,0,9,False,4,64,4,"HODA(init='random', max_iter=64, obj='tr', random_state=42, rank=4)",0.8927216955920265,0.8469313965918379,0.8684615384615386
250,6,0,0,False,1,1,0,"HODA(init='random', max_iter=64, obj='tr', random_state=42, rank=1)",0.8657077088647959,0.8489344959933195,0.839740662953155
251,6,0,0,False,1,1,1,"HODA(init='random', max_iter=64, obj='tr', random_state=42, rank=1)",0.8709518661271982,0.8357461734693876,0.8402378270883429
252,6,0,0,False,1,1,2,"HODA(init='random', max_iter=64, obj='tr', random_state=42, rank=1)",0.8682894640955071,0.8361447704081634,0.8402479732951836
253,6,0,0,False,1,1,3,"HODA(init='random', max_iter=64, obj='tr', random_state=42, rank=1)",0.8659275431330092,0.8439891581632653,0.8487809332481052
254,6,0,0,False,1,1,4,"HODA(init='random', max_iter=64, obj='tr', random_state=42, rank=1)",0.8648334326617932,0.8515625000000001,0.8386448726143731
255,6,0,1,False,2,5,0,"HODA(init='random', max_iter=64, obj='tr', random_state=42, rank=2)",0.893601522640306,0.8894027717557129,0.8682210655546424
256,6,0,1,False,2,5,1,"HODA(init='random', max_iter=64, obj='tr', random_state=42, rank=2)",0.9012375627291667,0.8536830357142857,0.8670745441816577
257,6,0,1,False,2,5,2,"HODA(init='random', max_iter=64, obj='tr', random_state=42, rank=2)",0.8958957879741687,0.8808832908163265,0.870321330370641
258,6,0,1,False,2,5,3,"HODA(init='random', max_iter=64, obj='tr', random_state=42, rank=2)",0.89875684692536,0.8709183673469388,0.8782455179131281
259,6,0,1,False,2,5,4,"HODA(init='random', max_iter=64, obj='tr', random_state=42, rank=2)",0.8970338225883898,0.8705835459183673,0.8702705993364381
260,6,0,2,False,8,69,0,"HODA(init='random', max_iter=64, obj='tr', random_state=42, rank=8)",0.9148188376913265,0.8959708371473079,0.8763989082681439
261,6,0,2,False,8,69,1,"HODA(init='random', max_iter=64, obj='tr', random_state=42, rank=8)",0.9203365787285358,0.8744100765306123,0.8719548696719731
262,6,0,2,False,8,69,2,"HODA(init='random', max_iter=64, obj='tr', random_state=42, rank=8)",0.9163434748189876,0.8869738520408164,0.8828417496119078
263,6,0,2,False,8,69,3,"HODA(init='random', max_iter=64, obj='tr', random_state=42, rank=8)",0.9211631512378122,0.8723373724489796,0.8844854351200805
264,6,0,2,False,8,69,4,"HODA(init='random', max_iter=64, obj='tr', random_state=42, rank=8)",0.9206380580737067,0.8838807397959184,0.8718229689830457
265,6,0,3,False,8,133,0,"HODA(init='random', max_iter=64, obj='tr', random_state=42, rank=8)",0.929847935267857,0.88998088998089,0.8646293083330796
266,6,0,3,False,8,133,1,"HODA(init='random', max_iter=64, obj='tr', random_state=42, rank=8)",0.9313575455188889,0.8914700255102039,0.8685558903803813
267,6,0,3,False,8,133,2,"HODA(init='random', max_iter=64, obj='tr', random_state=42, rank=8)",0.9308903523614717,0.885108418367347,0.8724418876003206
268,6,0,3,False,8,133,3,"HODA(init='random', max_iter=64, obj='tr', random_state=42, rank=8)",0.9328110353419643,0.8781249999999999,0.8699560669243802
269,6,0,3,False,8,133,4,"HODA(init='random', max_iter=64, obj='tr', random_state=42, rank=8)",0.9295227142724515,0.8918526785714285,0.8666991345285564
270,6,0,4,False,1,134,0,"HODA(init='random', max_iter=64, obj='tr', random_state=42, rank=1)",0.9315140704719388,0.8908962438374203,0.8664150407370205
271,6,0,4,False,1,134,1,"HODA(init='random', max_iter=64, obj='tr', random_state=42, rank=1)",0.9318107628126227,0.8926817602040816,0.8732738765612477
272,6,0,4,False,1,134,2,"HODA(init='random', max_iter=64, obj='tr', random_state=42, rank=1)",0.931837716264012,0.8830994897959183,0.8725940807029291
273,6,0,4,False,1,134,3,"HODA(init='random', max_iter=64, obj='tr', random_state=42, rank=1)",0.9336965061339069,0.8782684948979591,0.8722795482908715
274,6,0,4,False,1,134,4,"HODA(init='random', max_iter=64, obj='tr', random_state=42, rank=1)",0.9306577540587405,0.8916613520408162,0.8685153055530189
275,6,0,5,False,2,138,0,"HODA(init='random', max_iter=64, obj='tr', random_state=42, rank=2)",0.9328772720025511,0.8870902988550047,0.863766880751631
276,6,0,5,False,2,138,1,"HODA(init='random', max_iter=64, obj='tr', random_state=42, rank=2)",0.9319764766248689,0.8925860969387756,0.8732738765612476
277,6,0,5,False,2,138,2,"HODA(init='random', max_iter=64, obj='tr', random_state=42, rank=2)",0.9321312094013638,0.8821747448979592,0.8728883207013058
278,6,0,5,False,2,138,3,"HODA(init='random', max_iter=64, obj='tr', random_state=42, rank=2)",0.9342775027527461,0.8808514030612244,0.8755364806866953
279,6,0,5,False,2,138,4,"HODA(init='random', max_iter=64, obj='tr', random_state=42, rank=2)",0.931621090376919,0.8913743622448981,0.872218671049828
280,6,0,6,False,4,154,0,"HODA(init='random', max_iter=64, obj='tr', random_state=42, rank=4)",0.935498046875,0.8856771209712386,0.8633407400643269
281,6,0,6,False,4,154,1,"HODA(init='random', max_iter=64, obj='tr', random_state=42, rank=4)",0.9362331253924472,0.8922991071428571,0.8738623565580008
282,6,0,6,False,4,154,2,"HODA(init='random', max_iter=64, obj='tr', random_state=42, rank=4)",0.9338552320143113,0.8821269132653062,0.8725433496687264
283,6,0,6,False,4,154,3,"HODA(init='random', max_iter=64, obj='tr', random_state=42, rank=4)",0.9350032493883064,0.8791772959183674,0.8764699317160279
284,6,0,6,False,4,154,4,"HODA(init='random', max_iter=64, obj='tr', random_state=42, rank=4)",0.9331095198592032,0.8906568877551021,0.8711330269178869
285,6,0,7,False,2,158,0,"HODA(init='random', max_iter=64, obj='tr', random_state=42, rank=2)",0.9361367984693877,0.8856450032920622,0.8604592173216044
286,6,0,7,False,2,158,1,"HODA(init='random', max_iter=64, obj='tr', random_state=42, rank=2)",0.9384363204745404,0.8967155612244898,0.8744203979342322
287,6,0,7,False,2,158,2,"HODA(init='random', max_iter=64, obj='tr', random_state=42, rank=2)",0.9343204286197736,0.8814891581632653,0.8726752503576538
288,6,0,7,False,2,158,3,"HODA(init='random', max_iter=64, obj='tr', random_state=42, rank=2)",0.9363059995387965,0.87578125,0.8760133524082022
289,6,0,7,False,2,158,4,"HODA(init='random', max_iter=64, obj='tr', random_state=42, rank=2)",0.934006969962874,0.8910714285714285,0.869134224170294
290,6,0,8,False,4,174,0,"HODA(init='random', max_iter=64, obj='tr', random_state=42, rank=4)",0.9378278459821429,0.8844405903229432,0.8601751235300683
291,6,0,8,False,4,174,1,"HODA(init='random', max_iter=64, obj='tr', random_state=42, rank=4)",0.9394345964519277,0.896029974489796,0.8723911565661178
292,6,0,8,False,4,174,2,"HODA(init='random', max_iter=64, obj='tr', random_state=42, rank=4)",0.9356760873970652,0.8846301020408164,0.8756785275824632
293,6,0,8,False,4,174,3,"HODA(init='random', max_iter=64, obj='tr', random_state=42, rank=4)",0.9368520564984272,0.8762914540816327,0.8751103399993914
294,6,0,8,False,4,174,4,"HODA(init='random', max_iter=64, obj='tr', random_state=42, rank=4)",0.9346428717604696,0.891422193877551,0.8688704227924389
295,6,0,9,False,1,175,0,"HODA(init='random', max_iter=64, obj='tr', random_state=42, rank=1)",0.9382782605229592,0.8849865908689438,0.8593228421554602
296,6,0,9,False,1,175,1,"HODA(init='random', max_iter=64, obj='tr', random_state=42, rank=1)",0.9390213101972893,0.8926817602040816,0.8722491096703497
297,6,0,9,False,1,175,2,"HODA(init='random', max_iter=64, obj='tr', random_state=42, rank=1)",0.9361402857265503,0.8865911989795919,0.8755973579277386
298,6,0,9,False,1,175,3,"HODA(init='random', max_iter=64, obj='tr', random_state=42, rank=1)",0.936941901336392,0.874968112244898,0.8744203979342322
299,6,0,9,False,1,175,4,"HODA(init='random', max_iter=64, obj='tr', random_state=42, rank=1)",0.9360274805411054,0.8916135204081632,0.8689617386540042
300,7,0,0,False,1,1,0,"HODA(init='random', max_iter=64, obj='tr', random_state=42, rank=1)",0.8615809233891426,0.8292078804569232,0.822216513970945
301,7,0,0,False,1,1,1,"HODA(init='random', max_iter=64, obj='tr', random_state=42, rank=1)",0.8594561136478944,0.8426027017778285,0.825089667113813
302,7,0,0,False,1,1,2,"HODA(init='random', max_iter=64, obj='tr', random_state=42, rank=1)",0.8579756468797566,0.8424234523440938,0.8233581642263893
303,7,0,0,False,1,1,3,"HODA(init='random', max_iter=64, obj='tr', random_state=42, rank=1)",0.8630224858110355,0.8179715302491104,0.8240716956360419
304,7,0,0,False,1,1,4,"HODA(init='random', max_iter=64, obj='tr', random_state=42, rank=1)",0.8556471723220902,0.8551116143642834,0.8232439992008449
305,7,0,1,False,8,65,0,"HODA(init='random', max_iter=64, obj='tr', random_state=42, rank=8)",0.8997554540842212,0.8610979842586406,0.8657894987204003
306,7,0,1,False,8,65,1,"HODA(init='random', max_iter=64, obj='tr', random_state=42, rank=8)",0.9021938102486048,0.8553620023791288,0.8681489092483184
307,7,0,1,False,8,65,2,"HODA(init='random', max_iter=64, obj='tr', random_state=42, rank=8)",0.900156265854896,0.8494793618720159,0.8613085214677816
308,7,0,1,False,8,65,3,"HODA(init='random', max_iter=64, obj='tr', random_state=42, rank=8)",0.8966805498090347,0.8915884826916854,0.8719163550912844
309,7,0,1,False,8,65,4,"HODA(init='random', max_iter=64, obj='tr', random_state=42, rank=8)",0.9043567720219948,0.8481559365901002,0.8681774505047046
310,7,0,2,False,1,66,0,"HODA(init='random', max_iter=64, obj='tr', random_state=42, rank=1)",0.9017442922374429,0.8637215441523948,0.8707651910837115
311,7,0,2,False,1,66,1,"HODA(init='random', max_iter=64, obj='tr', random_state=42, rank=1)",0.9029791983764587,0.8631512050450567,0.8726298865009372
312,7,0,2,False,1,66,2,"HODA(init='random', max_iter=64, obj='tr', random_state=42, rank=1)",0.9025235920852359,0.8543516873889877,0.8685484868377239
313,7,0,2,False,1,66,3,"HODA(init='random', max_iter=64, obj='tr', random_state=42, rank=1)",0.8973880919438805,0.8949369136201877,0.8751510308150432
314,7,0,2,False,1,66,4,"HODA(init='random', max_iter=64, obj='tr', random_state=42, rank=1)",0.9053184600386098,0.8601099967648012,0.8741901418500443
315,7,0,3,False,8,130,0,"HODA(init='random', max_iter=64, obj='tr', random_state=42, rank=8)",0.9091922881785894,0.8694738214349732,0.8698708983836135
316,7,0,3,False,8,130,1,"HODA(init='random', max_iter=64, obj='tr', random_state=42, rank=8)",0.9101998985286657,0.8622223670702495,0.8747324257213802
317,7,0,3,False,8,130,2,"HODA(init='random', max_iter=64, obj='tr', random_state=42, rank=8)",0.9089913749365806,0.8566819300275392,0.8733529316627184
318,7,0,3,False,8,130,3,"HODA(init='random', max_iter=64, obj='tr', random_state=42, rank=8)",0.9019129052229011,0.8929149142672275,0.871421639980592
319,7,0,3,False,8,130,4,"HODA(init='random', max_iter=64, obj='tr', random_state=42, rank=8)",0.9118784735388391,0.8567615658362989,0.8705749160411375
320,7,0,4,False,2,134,0,"HODA(init='random', max_iter=64, obj='tr', random_state=42, rank=2)",0.9094804667681379,0.8719018364919257,0.8714787224933641
321,7,0,4,False,2,134,1,"HODA(init='random', max_iter=64, obj='tr', random_state=42, rank=2)",0.9103795027904615,0.8624342073101179,0.8744850681660341
322,7,0,4,False,2,134,2,"HODA(init='random', max_iter=64, obj='tr', random_state=42, rank=2)",0.9095778792491122,0.8570567242980756,0.8726394002530659
323,7,0,4,False,2,134,3,"HODA(init='random', max_iter=64, obj='tr', random_state=42, rank=2)",0.9027485368821585,0.8910384988676804,0.8702229072123756
324,7,0,4,False,2,134,4,"HODA(init='random', max_iter=64, obj='tr', random_state=42, rank=2)",0.9125900820077932,0.8603041087026851,0.8716880250401956
325,7,0,5,False,4,150,0,"HODA(init='random', max_iter=64, obj='tr', random_state=42, rank=4)",0.9106889903602233,0.8724721755992635,0.8732577941414315
326,7,0,5,False,4,150,1,"HODA(init='random', max_iter=64, obj='tr', random_state=42, rank=4)",0.9137960426179603,0.8647644499486695,0.8726869690137093
327,7,0,5,False,4,150,2,"HODA(init='random', max_iter=64, obj='tr', random_state=42, rank=4)",0.911197361745307,0.8579366760636824,0.8755125533959339
328,7,0,5,False,4,150,3,"HODA(init='random', max_iter=64, obj='tr', random_state=42, rank=4)",0.9035831519578891,0.8910870268521514,0.8704702647677218
329,7,0,5,False,4,150,4,"HODA(init='random', max_iter=64, obj='tr', random_state=42, rank=4)",0.9147127084123302,0.8588482691685537,0.8740664630723711
330,7,0,6,False,8,214,0,"HODA(init='random', max_iter=64, obj='tr', random_state=42, rank=8)",0.9160517503805174,0.8757638470187561,0.8771108637535557
331,7,0,6,False,8,214,1,"HODA(init='random', max_iter=64, obj='tr', random_state=42, rank=8)",0.9198822932521563,0.8646014959180015,0.8752651958405875
332,7,0,6,False,8,214,2,"HODA(init='random', max_iter=64, obj='tr', random_state=42, rank=8)",0.9188564180618974,0.8585559013802206,0.878794797880336
333,7,0,6,False,8,214,3,"HODA(init='random', max_iter=64, obj='tr', random_state=42, rank=8)",0.9108649397623431,0.8901164671627305,0.8764353873524179
334,7,0,6,False,8,214,4,"HODA(init='random', max_iter=64, obj='tr', random_state=42, rank=8)",0.9192954669523944,0.858735037204788,0.8756076909172208
335,7,0,7,False,8,278,0,"HODA(init='random', max_iter=64, obj='tr', random_state=42, rank=8)",0.9182962962962963,0.8781429758665081,0.8778909914281093
336,7,0,7,False,8,278,1,"HODA(init='random', max_iter=64, obj='tr', random_state=42, rank=8)",0.9244870624048708,0.8627275245653201,0.8763592773353883
337,7,0,7,False,8,278,2,"HODA(init='random', max_iter=64, obj='tr', random_state=42, rank=8)",0.9221085743277524,0.8570078380888752,0.880136236930483
338,7,0,7,False,8,278,3,"HODA(init='random', max_iter=64, obj='tr', random_state=42, rank=8)",0.9143691031801783,0.8890488515043675,0.8793656230080581
339,7,0,7,False,8,278,4,"HODA(init='random', max_iter=64, obj='tr', random_state=42, rank=8)",0.9217393337514881,0.8624555160142349,0.8766066348907344
340,7,0,8,False,2,282,0,"HODA(init='random', max_iter=64, obj='tr', random_state=42, rank=2)",0.918416032470827,0.8782896344941094,0.8783000827696434
341,7,0,8,False,2,282,1,"HODA(init='random', max_iter=64, obj='tr', random_state=42, rank=2)",0.9248442415017759,0.8618964590089137,0.877643633872763
342,7,0,8,False,2,282,2,"HODA(init='random', max_iter=64, obj='tr', random_state=42, rank=2)",0.9222201927955352,0.8569752472827415,0.8802028331953838
343,7,0,8,False,2,282,3,"HODA(init='random', max_iter=64, obj='tr', random_state=42, rank=2)",0.914734056666399,0.8904238110643805,0.8799935306485525
344,7,0,8,False,2,282,4,"HODA(init='random', max_iter=64, obj='tr', random_state=42, rank=2)",0.9219152027016724,0.8631187318020058,0.877995642701525
345,7,0,9,False,8,346,0,"HODA(init='random', max_iter=64, obj='tr', random_state=42, rank=8)",0.9201045154743784,0.8780452034481072,0.8780241839579112
346,7,0,9,False,8,346,1,"HODA(init='random', max_iter=64, obj='tr', random_state=42, rank=8)",0.925871131405378,0.8598595336255642,0.8777007163855352
347,7,0,9,False,8,346,2,"HODA(init='random', max_iter=64, obj='tr', random_state=42, rank=8)",0.9271222729578894,0.8560464093079342,0.8783952202909306
348,7,0,9,False,8,346,3,"HODA(init='random', max_iter=64, obj='tr', random_state=42, rank=8)",0.9188441038663722,0.8862827563895179,0.8819628773391939
349,7,0,9,False,8,346,4,"HODA(init='random', max_iter=64, obj='tr', random_state=42, rank=8)",0.9232021974469521,0.8673891944354578,0.8795273567942461
350,8,0,0,False,8,64,0,"HODA(init='random', max_iter=64, obj='tr', random_state=42, rank=8)",0.9492232578783842,0.9572005516154453,0.9444283835831057
351,8,0,0,False,8,64,1,"HODA(init='random', max_iter=64, obj='tr', random_state=42, rank=8)",0.9494946712174318,0.9382716049382717,0.9409126092268094
352,8,0,0,False,8,64,2,"HODA(init='random', max_iter=64, obj='tr', random_state=42, rank=8)",0.950327937225782,0.947414734303453,0.9395230856748514
353,8,0,0,False,8,64,3,"HODA(init='random', max_iter=64, obj='tr', random_state=42, rank=8)",0.9538843387485229,0.9290335196441083,0.9407633986440488
354,8,0,0,False,8,64,4,"HODA(init='random', max_iter=64, obj='tr', random_state=42, rank=8)",0.9548135623714523,0.9163068098489416,0.9377418843431471
355,8,0,1,False,8,128,0,"HODA(init='random', max_iter=64, obj='tr', random_state=42, rank=8)",0.9618694869165506,0.9592362752823745,0.9546679598250506
356,8,0,1,False,8,128,1,"HODA(init='random', max_iter=64, obj='tr', random_state=42, rank=8)",0.960468545132671,0.9598929603362227,0.9522619391780363
357,8,0,1,False,8,128,2,"HODA(init='random', max_iter=64, obj='tr', random_state=42, rank=8)",0.9612792822999767,0.9520915149836231,0.9485036976247541
358,8,0,1,False,8,128,3,"HODA(init='random', max_iter=64, obj='tr', random_state=42, rank=8)",0.9652241381425342,0.9335473462936106,0.9482705560891906
359,8,0,1,False,8,128,4,"HODA(init='random', max_iter=64, obj='tr', random_state=42, rank=8)",0.9674342387726479,0.925252986132612,0.9475618058210779
360,8,0,2,False,8,192,0,"HODA(init='random', max_iter=64, obj='tr', random_state=42, rank=8)",0.9652999066378927,0.9590885211452587,0.957335098991896
361,8,0,2,False,8,192,1,"HODA(init='random', max_iter=64, obj='tr', random_state=42, rank=8)",0.9633132834381744,0.9648345153664302,0.9543322360138393
362,8,0,2,False,8,192,2,"HODA(init='random', max_iter=64, obj='tr', random_state=42, rank=8)",0.9677726029301722,0.9578112014600682,0.9499305238224021
363,8,0,2,False,8,192,3,"HODA(init='random', max_iter=64, obj='tr', random_state=42, rank=8)",0.9719014634505374,0.9345902520898853,0.9424047150544153
364,8,0,2,False,8,192,4,"HODA(init='random', max_iter=64, obj='tr', random_state=42, rank=8)",0.9690831251354478,0.9260514608828849,0.9503408529249937
365,8,0,3,False,2,196,0,"HODA(init='random', max_iter=64, obj='tr', random_state=42, rank=2)",0.9658121227890272,0.9599257945889151,0.956029506392741
366,8,0,3,False,2,196,1,"HODA(init='random', max_iter=64, obj='tr', random_state=42, rank=2)",0.9636448974802435,0.9636196480168111,0.953735393682797
367,8,0,3,False,2,196,2,"HODA(init='random', max_iter=64, obj='tr', random_state=42, rank=2)",0.9679934085435415,0.9577623152508677,0.9492217735542893
368,8,0,3,False,2,196,3,"HODA(init='random', max_iter=64, obj='tr', random_state=42, rank=2)",0.9735646612882781,0.9364479280395,0.9423021327787675
369,8,0,3,False,2,196,4,"HODA(init='random', max_iter=64, obj='tr', random_state=42, rank=2)",0.9713361601903834,0.9307771277722556,0.9510682545159516
370,8,0,4,False,8,260,0,"HODA(init='random', max_iter=64, obj='tr', random_state=42, rank=8)",0.9677946645851507,0.9592198581560283,0.9557031082429521
371,8,0,4,False,8,260,1,"HODA(init='random', max_iter=64, obj='tr', random_state=42, rank=8)",0.9660631291101008,0.9600407144733386,0.9524111497607968
372,8,0,4,False,8,260,2,"HODA(init='random', max_iter=64, obj='tr', random_state=42, rank=8)",0.969768031436177,0.9580556325060701,0.9481493224906977
373,8,0,4,False,8,260,3,"HODA(init='random', max_iter=64, obj='tr', random_state=42, rank=8)",0.974904828691645,0.9360894291720305,0.9402038589586967
374,8,0,4,False,8,260,4,"HODA(init='random', max_iter=64, obj='tr', random_state=42, rank=8)",0.9728214868395766,0.934622842896019,0.9515158862642333
375,8,0,5,False,8,324,0,"HODA(init='random', max_iter=64, obj='tr', random_state=42, rank=8)",0.9697782267321732,0.9601720514841082,0.9527188965877404
376,8,0,5,False,8,324,1,"HODA(init='random', max_iter=64, obj='tr', random_state=42, rank=8)",0.9671763319405543,0.9590556868925664,0.9511055571616417
377,8,0,5,False,8,324,2,"HODA(init='random', max_iter=64, obj='tr', random_state=42, rank=8)",0.9704253370352347,0.9579904508938029,0.9486342568846696
378,8,0,5,False,8,324,3,"HODA(init='random', max_iter=64, obj='tr', random_state=42, rank=8)",0.9757032045436889,0.9359590659474962,0.9419757346289785
379,8,0,5,False,8,324,4,"HODA(init='random', max_iter=64, obj='tr', random_state=42, rank=8)",0.9738457795460401,0.935975361350563,0.95132004737436
380,8,0,6,False,4,340,0,"HODA(init='random', max_iter=64, obj='tr', random_state=42, rank=4)",0.9706598099086275,0.9599422117152613,0.9526163143120927
381,8,0,6,False,4,340,1,"HODA(init='random', max_iter=64, obj='tr', random_state=42, rank=4)",0.9699771951574145,0.9642270816916206,0.9453236470796691
382,8,0,6,False,4,340,2,"HODA(init='random', max_iter=64, obj='tr', random_state=42, rank=4)",0.9707902796462203,0.9591800153176788,0.9482612304277681
383,8,0,6,False,4,340,3,"HODA(init='random', max_iter=64, obj='tr', random_state=42, rank=4)",0.9758524527823552,0.935893884335229,0.9416586621406123
384,8,0,6,False,4,340,4,"HODA(init='random', max_iter=64, obj='tr', random_state=42, rank=4)",0.9745245523575089,0.9356494532892271,0.9505460174762895
385,8,0,7,False,2,344,0,"HODA(init='random', max_iter=64, obj='tr', random_state=42, rank=2)",0.9711710057088633,0.9594496979248752,0.9522059852095011
386,8,0,7,False,2,344,1,"HODA(init='random', max_iter=64, obj='tr', random_state=42, rank=2)",0.9703649284989108,0.9627823745731547,0.945286344433979
387,8,0,7,False,2,344,2,"HODA(init='random', max_iter=64, obj='tr', random_state=42, rank=2)",0.9710407304576809,0.9589844704808773,0.9483917896876836
388,8,0,7,False,2,344,3,"HODA(init='random', max_iter=64, obj='tr', random_state=42, rank=2)",0.9759669445818799,0.9356331578861603,0.9406887933526686
389,8,0,7,False,2,344,4,"HODA(init='random', max_iter=64, obj='tr', random_state=42, rank=2)",0.9750796331355625,0.9370508579529715,0.9495668230269232
390,8,0,8,False,2,348,0,"HODA(init='random', max_iter=64, obj='tr', random_state=42, rank=2)",0.9712516134298586,0.9591706067769897,0.9523365444694165
391,8,0,8,False,2,348,1,"HODA(init='random', max_iter=64, obj='tr', random_state=42, rank=2)",0.9704077832366551,0.9626017861833465,0.9452490417882888
392,8,0,8,False,2,348,2,"HODA(init='random', max_iter=64, obj='tr', random_state=42, rank=2)",0.9710989986056535,0.9588378118532762,0.9484384179947963
393,8,0,8,False,2,348,3,"HODA(init='random', max_iter=64, obj='tr', random_state=42, rank=2)",0.97596694458188,0.9354539084524255,0.9406421650455559
394,8,0,8,False,2,348,4,"HODA(init='random', max_iter=64, obj='tr', random_state=42, rank=2)",0.9750796331355626,0.9379796959277786,0.9489233523887681
395,8,0,9,False,2,352,0,"HODA(init='random', max_iter=64, obj='tr', random_state=42, rank=2)",0.9713107937819816,0.958957184134489,0.9520754259495855
396,8,0,9,False,2,352,1,"HODA(init='random', max_iter=64, obj='tr', random_state=42, rank=2)",0.9704445158690074,0.9627659574468085,0.945407578032472
397,8,0,9,False,2,352,2,"HODA(init='random', max_iter=64, obj='tr', random_state=42, rank=2)",0.971163400242886,0.9589844704808774,0.9482332534435005
398,8,0,9,False,2,352,3,"HODA(init='random', max_iter=64, obj='tr', random_state=42, rank=2)",0.9760170347441721,0.935339840630958,0.9408473295968516
399,8,0,9,False,2,352,4,"HODA(init='random', max_iter=64, obj='tr', random_state=42, rank=2)",0.9751563017513156,0.9394951684129907,0.9485596515932893
